                  epoch,         train/box_loss,         train/cls_loss,         train/dfl_loss,   metrics/precision(B),      metrics/recall(B),       metrics/mAP50(B),    metrics/mAP50-95(B),           val/box_loss,           val/cls_loss,           val/dfl_loss,                 lr/pg0,                 lr/pg1,                 lr/pg2
                      0,                 1.1535,                0.65237,                 1.1032,                0.97089,                 0.9392,                0.98149,                0.71286,                0.99562,                0.43513,                 1.0077,              0.0033272,              0.0033272,              0.0033272
                      1,                0.98081,                0.49387,                 1.0191,                 0.9733,                0.94944,                0.98267,                0.73191,                0.93451,                0.44815,                  1.006,              0.0066275,              0.0066275,              0.0066275
                      2,                0.97673,                0.51445,                 1.0276,                0.97125,                0.94599,                0.98312,                0.74546,                0.93365,                0.45903,                 1.0308,              0.0098949,              0.0098949,              0.0098949
                      3,                0.96486,                0.51347,                 1.0339,                0.97697,                0.94996,                0.98468,                0.74704,                0.89807,                0.44268,                 1.0378,              0.0098515,              0.0098515,              0.0098515
                      4,                0.90398,                0.47974,                 1.0128,                0.97792,                 0.9624,                0.98985,                0.78913,                0.79479,                0.39598,                0.99034,              0.0098515,              0.0098515,              0.0098515
                      5,                0.86012,                0.45205,                0.99531,                0.97729,                0.96469,                0.98961,                0.80571,                0.77012,                0.37763,                0.99071,               0.009802,               0.009802,               0.009802
                      6,                0.81696,                0.43004,                0.98151,                0.98337,                0.96378,                0.99034,                0.82726,                0.70398,                0.35336,                0.94602,              0.0097525,              0.0097525,              0.0097525
                      7,                0.79212,                0.41974,                0.96771,                 0.9814,                0.96476,                 0.9902,                 0.8269,                0.69642,                0.34894,                0.95688,               0.009703,               0.009703,               0.009703
                      8,                0.76818,                0.40282,                 0.9655,                0.98109,                0.96804,                0.99112,                0.83347,                0.67289,                0.33697,                0.94844,              0.0096535,              0.0096535,              0.0096535
                      9,                 0.7396,                0.38904,                0.95285,                0.98417,                0.96898,                0.99173,                0.84839,                0.64993,                0.32063,                0.94535,               0.009604,               0.009604,               0.009604
                     10,                0.72144,                0.38046,                0.94168,                0.98584,                0.96745,                0.99203,                0.84785,                0.64065,                0.30979,                0.92249,              0.0095545,              0.0095545,              0.0095545
                     11,                 0.7008,                0.37122,                0.94227,                0.98496,                0.97123,                0.99185,                 0.8563,                0.60619,                0.30512,                 0.9223,               0.009505,               0.009505,               0.009505
                     12,                0.68532,                0.36404,                0.93299,                0.98548,                 0.9716,                0.99256,                0.86538,                0.59714,                0.29619,                0.91533,              0.0094555,              0.0094555,              0.0094555
                     13,                0.67761,                0.35748,                0.92851,                0.98567,                0.97033,                 0.9926,                0.87095,                0.58117,                0.29073,                0.91323,               0.009406,               0.009406,               0.009406
                     14,                0.66133,                0.34983,                0.92396,                0.98704,                0.97399,                  0.993,                0.87563,                0.57794,                0.28343,                0.92338,              0.0093565,              0.0093565,              0.0093565
                     15,                0.64275,                 0.3414,                 0.9184,                 0.9879,                0.97629,                0.99362,                0.88112,                0.55219,                0.26922,                 0.9034,               0.009307,               0.009307,               0.009307
                     16,                0.63219,                0.33686,                0.91461,                0.98614,                0.97343,                0.99347,                0.87922,                0.55908,                0.27588,                0.90906,              0.0092575,              0.0092575,              0.0092575
                     17,                0.62296,                0.33353,                0.91208,                0.98624,                0.97366,                0.99293,                0.88926,                0.53994,                0.26037,                0.88356,               0.009208,               0.009208,               0.009208
                     18,                0.61688,                0.33032,                 0.9082,                  0.987,                0.97712,                0.99379,                0.88606,                0.52764,                0.26391,                0.89648,              0.0091585,              0.0091585,              0.0091585
                     19,                0.60509,                0.32377,                 0.9057,                0.98818,                0.97823,                 0.9938,                 0.8963,                0.51724,                0.25648,                0.89975,               0.009109,               0.009109,               0.009109
                     20,                0.59446,                0.31821,                0.90261,                0.98729,                0.97702,                 0.9935,                0.89412,                0.50862,                0.25149,                0.88656,              0.0090595,              0.0090595,              0.0090595
                     21,                0.59014,                0.31831,                0.89996,                 0.9871,                0.97806,                0.99402,                0.90216,                0.49762,                0.24858,                0.87775,                0.00901,                0.00901,                0.00901
                     22,                0.58138,                0.31207,                  0.893,                0.98934,                0.97838,                0.99406,                0.90714,                0.48447,                0.24108,                 0.8678,              0.0089605,              0.0089605,              0.0089605
                     23,                0.57205,                0.30752,                0.89346,                0.98683,                0.97827,                0.99405,                0.90239,                0.49099,                0.24757,                0.88397,               0.008911,               0.008911,               0.008911
                     24,                0.56653,                0.30495,                0.89219,                0.98828,                0.97817,                0.99396,                0.91146,                 0.4733,                0.23321,                0.86569,              0.0088615,              0.0088615,              0.0088615
                     25,                0.55865,                0.30114,                0.89027,                0.99018,                0.97848,                0.99418,                 0.9155,                0.47051,                0.23356,                0.87527,               0.008812,               0.008812,               0.008812
                     26,                0.55481,                 0.2992,                 0.8869,                0.98871,                0.98099,                0.99435,                0.91577,                0.46389,                0.22955,                0.86793,              0.0087625,              0.0087625,              0.0087625
                     27,                0.55076,                0.29774,                0.88686,                 0.9882,                0.97974,                0.99421,                  0.917,                0.46058,                0.22865,                 0.8661,               0.008713,               0.008713,               0.008713
                     28,                0.54113,                0.29449,                0.88393,                0.98895,                0.98144,                0.99437,                0.92039,                0.44523,                  0.224,                0.86729,              0.0086635,              0.0086635,              0.0086635
                     29,                0.53827,                0.29147,                0.88162,                0.98864,                0.98057,                0.99436,                0.91857,                0.44353,                 0.2201,                0.86498,               0.008614,               0.008614,               0.008614
                     30,                0.53548,                 0.2902,                0.88077,                0.99079,                0.97819,                0.99423,                0.92107,                0.43533,                0.21607,                0.86104,              0.0085645,              0.0085645,              0.0085645
                     31,                0.53132,                0.28766,                0.88037,                0.98882,                0.98161,                0.99434,                0.92602,                 0.4371,                0.21748,                0.86878,               0.008515,               0.008515,               0.008515
                     32,                0.52393,                0.28533,                0.87852,                0.98875,                0.98261,                0.99446,                0.92576,                0.43083,                0.21447,                0.86057,              0.0084655,              0.0084655,              0.0084655
                     33,                0.52088,                0.28329,                0.87615,                0.99028,                0.98276,                0.99457,                0.92923,                0.41749,                0.21091,                0.85088,               0.008416,               0.008416,               0.008416
                     34,                0.51439,                0.28229,                0.87672,                0.98784,                0.98413,                0.99449,                0.92902,                 0.4174,                0.20959,                0.85715,              0.0083665,              0.0083665,              0.0083665
                     35,                0.51003,                0.28015,                0.87389,                0.98835,                0.98366,                0.99451,                0.93239,                 0.4076,                0.20783,                0.85815,               0.008317,               0.008317,               0.008317
                     36,                0.50547,                 0.2771,                0.87354,                0.99011,                0.98235,                0.99454,                0.93459,                0.39889,                0.20371,                 0.8496,              0.0082675,              0.0082675,              0.0082675
                     37,                0.50421,                0.27584,                0.87147,                0.98864,                0.98454,                0.99459,                0.93679,                 0.3991,                 0.2027,                0.84571,               0.008218,               0.008218,               0.008218
                     38,                0.49996,                0.27338,                0.87026,                0.98898,                0.98409,                0.99451,                0.93612,                0.39772,                0.20263,                0.85193,              0.0081685,              0.0081685,              0.0081685
                     39,                0.49272,                 0.2714,                0.86838,                0.98891,                0.98527,                0.99465,                0.94091,                 0.3915,                0.19884,                0.85166,               0.008119,               0.008119,               0.008119
                     40,                0.49155,                0.27034,                0.86855,                0.98924,                 0.9837,                0.99459,                0.93612,                0.39414,                0.19765,                0.84482,              0.0080695,              0.0080695,              0.0080695
                     41,                0.48242,                0.26774,                0.86733,                0.98936,                0.98611,                0.99463,                0.93959,                0.38389,                0.19519,                0.84831,                0.00802,                0.00802,                0.00802
                     42,                0.48588,                0.26773,                0.86893,                0.99072,                0.98308,                 0.9946,                0.94114,                0.38354,                0.19572,                0.84986,              0.0079705,              0.0079705,              0.0079705
                     43,                0.47647,                0.26269,                0.86481,                0.99138,                0.98454,                0.99463,                0.94368,                0.37784,                0.19443,                0.84507,               0.007921,               0.007921,               0.007921
                     44,                0.47427,                0.26246,                0.86381,                0.99057,                0.98402,                0.99461,                0.94343,                0.37198,                0.19053,                0.84054,              0.0078715,              0.0078715,              0.0078715
                     45,                0.47106,                0.26193,                0.85792,                0.98701,                 0.9882,                0.99467,                0.94556,                0.36726,                0.18609,                0.83414,               0.007822,               0.007822,               0.007822
                     46,                 0.4718,                0.26005,                0.86268,                0.99285,                0.98402,                0.99468,                0.94672,                0.37013,                0.18718,                0.84335,              0.0077725,              0.0077725,              0.0077725
                     47,                0.46964,                0.26035,                  0.858,                0.99173,                0.98496,                0.99472,                0.94824,                 0.3639,                0.18743,                0.83473,               0.007723,               0.007723,               0.007723
                     48,                 0.4683,                0.25882,                 0.8612,                0.98912,                0.98748,                0.99469,                0.94797,                0.36027,                0.18362,                0.84001,              0.0076735,              0.0076735,              0.0076735
                     49,                0.46285,                0.25688,                0.85779,                0.98973,                0.98663,                0.99468,                0.94891,                0.35889,                 0.1831,                0.83732,               0.007624,               0.007624,               0.007624
                     50,                0.46216,                0.25658,                0.86013,                0.99091,                0.98527,                0.99462,                0.95128,                0.35001,                0.18039,                0.83369,              0.0075745,              0.0075745,              0.0075745
                     51,                0.45604,                0.25482,                0.85731,                 0.9919,                0.98487,                 0.9946,                0.95046,                 0.3522,                 0.1807,                0.83505,               0.007525,               0.007525,               0.007525
                     52,                0.45177,                 0.2513,                0.85433,                0.99089,                0.98485,                0.99465,                0.95253,                0.34559,                0.17821,                 0.8334,              0.0074755,              0.0074755,              0.0074755
                     53,                0.45005,                0.25122,                0.85809,                0.99087,                0.98613,                 0.9947,                0.95302,                 0.3468,                0.17906,                0.83978,               0.007426,               0.007426,               0.007426
                     54,                 0.4526,                0.25216,                 0.8586,                0.99077,                0.98621,                 0.9947,                 0.9556,                0.33837,                0.17478,                0.83126,              0.0073765,              0.0073765,              0.0073765
                     55,                   0.45,                0.25084,                0.85511,                0.98972,                0.98642,                0.99468,                 0.9552,                0.33835,                0.17554,                0.82978,               0.007327,               0.007327,               0.007327
                     56,                0.44645,                0.24976,                0.85313,                0.99177,                0.98684,                0.99472,                0.95587,                0.33673,                0.17362,                0.82931,              0.0072775,              0.0072775,              0.0072775
                     57,                 0.4411,                0.24762,                0.85112,                0.98943,                0.98726,                0.99469,                0.95618,                0.33553,                0.17358,                0.82762,               0.007228,               0.007228,               0.007228
                     58,                0.43786,                0.24513,                0.85374,                0.99035,                0.98579,                0.99467,                0.95765,                0.33118,                0.17242,                0.83085,              0.0071785,              0.0071785,              0.0071785
                     59,                0.43262,                0.24343,                0.85248,                0.99029,                0.98694,                0.99471,                0.95829,                0.32504,                0.17176,                0.83046,               0.007129,               0.007129,               0.007129
                     60,                0.43508,                0.24499,                0.85048,                0.98963,                0.98699,                0.99472,                 0.9588,                0.32441,                0.16905,                0.82837,              0.0070795,              0.0070795,              0.0070795
                     61,                0.43246,                0.24346,                0.84946,                0.99062,                0.98673,                0.99476,                0.96025,                0.32046,                0.16685,                0.82408,                0.00703,                0.00703,                0.00703
                     62,                0.42671,                0.24076,                0.84959,                0.99221,                0.98472,                0.99473,                0.96052,                0.31817,                0.16537,                0.82421,              0.0069805,              0.0069805,              0.0069805
                     63,                0.42655,                0.24072,                0.85091,                 0.9915,                0.98703,                0.99476,                0.96125,                0.32133,                0.16751,                0.82703,               0.006931,               0.006931,               0.006931
                     64,                0.42272,                0.23897,                0.84929,                0.98863,                0.98872,                0.99477,                0.96083,                0.31663,                0.16449,                0.82573,              0.0068815,              0.0068815,              0.0068815
                     65,                0.42549,                0.23775,                0.84854,                0.99057,                0.98746,                0.99477,                0.96195,                0.31409,                0.16287,                0.82378,               0.006832,               0.006832,               0.006832
                     66,                0.42263,                0.23855,                0.84419,                0.99218,                0.98663,                0.99475,                0.96213,                0.31291,                0.16436,                0.82354,              0.0067825,              0.0067825,              0.0067825
                     67,                0.41593,                 0.2354,                0.84741,                0.98974,                0.98789,                0.99477,                0.96165,                 0.3094,                0.16174,                0.82249,               0.006733,               0.006733,               0.006733
                     68,                0.41862,                0.23691,                0.84425,                 0.9878,                0.98872,                0.99473,                0.96321,                0.30698,                0.16135,                0.82073,              0.0066835,              0.0066835,              0.0066835
                     69,                0.41523,                0.23587,                 0.8462,                0.98773,                0.98924,                0.99473,                0.96338,                0.30485,                0.16016,                0.82086,               0.006634,               0.006634,               0.006634
                     70,                0.41707,                 0.2363,                0.84484,                0.99127,                0.98715,                0.99478,                0.96401,                0.30192,                0.15933,                 0.8205,              0.0065845,              0.0065845,              0.0065845
                     71,                0.41554,                0.23493,                0.84455,                0.99182,                0.98794,                0.99478,                0.96449,                0.30065,                0.15778,                0.82038,               0.006535,               0.006535,               0.006535
                     72,                0.40952,                0.23345,                0.84354,                0.99169,                0.98778,                0.99479,                0.96466,                0.29937,                0.15661,                0.81963,              0.0064855,              0.0064855,              0.0064855
                     73,                0.40882,                0.23035,                0.84119,                0.99007,                0.98945,                 0.9948,                0.96488,                 0.2981,                0.15669,                0.81907,               0.006436,               0.006436,               0.006436
                     74,                0.40631,                0.23026,                 0.8445,                0.99131,                 0.9891,                0.99482,                0.96513,                0.29633,                0.15556,                0.82015,              0.0063865,              0.0063865,              0.0063865
                     75,                 0.4086,                0.23074,                0.84352,                0.99071,                0.98914,                0.99481,                0.96575,                 0.2954,                0.15463,                0.81909,               0.006337,               0.006337,               0.006337
                     76,                0.39737,                0.22785,                0.83829,                0.99003,                0.98903,                0.99481,                0.96619,                0.29374,                0.15419,                0.81855,              0.0062875,              0.0062875,              0.0062875
                     77,                0.40048,                0.22776,                0.84004,                0.98977,                0.98945,                0.99479,                0.96685,                0.29035,                 0.1532,                0.81782,               0.006238,               0.006238,               0.006238
                     78,                0.40105,                0.22841,                0.83992,                0.99024,                 0.9884,                 0.9948,                0.96674,                0.28979,                0.15302,                0.81674,              0.0061885,              0.0061885,              0.0061885
                     79,                0.39492,                0.22489,                 0.8407,                0.99316,                0.98581,                0.99479,                0.96741,                0.28884,                0.15275,                0.81663,               0.006139,               0.006139,               0.006139
                     80,                0.39603,                0.22568,                0.83836,                0.99274,                 0.9854,                0.99479,                0.96757,                0.28813,                0.15202,                 0.8165,              0.0060895,              0.0060895,              0.0060895
                     81,                0.39088,                0.22466,                0.83712,                0.99399,                0.98491,                 0.9948,                 0.9681,                0.28664,                0.15157,                0.81678,                0.00604,                0.00604,                0.00604
                     82,                0.39758,                0.22533,                0.83935,                0.99119,                0.98727,                 0.9948,                0.96828,                 0.2854,                0.15032,                0.81627,              0.0059905,              0.0059905,              0.0059905
                     83,                0.39454,                0.22406,                0.83928,                0.99028,                0.98944,                0.99481,                 0.9685,                0.28397,                0.15013,                0.81625,               0.005941,               0.005941,               0.005941
                     84,                0.39252,                0.22304,                0.83697,                0.98886,                0.99049,                 0.9948,                0.96851,                0.28305,                0.14992,                 0.8161,              0.0058915,              0.0058915,              0.0058915
                     85,                0.38605,                 0.2213,                0.83589,                0.98884,                0.99057,                 0.9948,                0.96866,                0.28287,                0.15001,                0.81594,               0.005842,               0.005842,               0.005842
                     86,                0.38382,                0.21939,                0.83674,                0.99379,                0.98578,                0.99481,                0.96881,                0.28144,                0.14886,                0.81625,              0.0057925,              0.0057925,              0.0057925
                     87,                0.38269,                0.21945,                0.83564,                0.99006,                 0.9887,                0.99479,                0.96894,                0.27929,                 0.1483,                0.81594,               0.005743,               0.005743,               0.005743
                     88,                0.38597,                0.22059,                0.83925,                0.98853,                0.99005,                0.99479,                0.96933,                0.27779,                0.14829,                0.81495,              0.0056935,              0.0056935,              0.0056935
                     89,                0.38709,                0.22141,                0.83695,                0.99064,                0.98882,                 0.9948,                0.96971,                0.27634,                0.14749,                0.81478,               0.005644,               0.005644,               0.005644
                     90,                0.38039,                0.21823,                0.83589,                0.99054,                 0.9884,                 0.9948,                0.96995,                0.27594,                0.14692,                0.81491,              0.0055945,              0.0055945,              0.0055945
                     91,                0.37512,                0.21544,                0.83462,                0.98905,                0.98955,                0.99479,                0.97061,                0.27388,                 0.1469,                0.81428,               0.005545,               0.005545,               0.005545
                     92,                 0.3783,                0.21761,                0.83482,                0.99154,                0.98778,                0.99479,                0.97065,                0.27297,                0.14658,                0.81454,              0.0054955,              0.0054955,              0.0054955
                     93,                0.37475,                0.21435,                0.83246,                0.99114,                 0.9883,                 0.9948,                0.97079,                0.27266,                0.14619,                0.81468,               0.005446,               0.005446,               0.005446
                     94,                0.37282,                0.21358,                 0.8342,                0.99248,                0.98579,                0.99479,                0.97047,                0.27222,                0.14551,                0.81372,              0.0053965,              0.0053965,              0.0053965
                     95,                0.37084,                0.21247,                0.83148,                0.99232,                0.98684,                0.99478,                0.97073,                0.27166,                0.14482,                0.81333,               0.005347,               0.005347,               0.005347
                     96,                0.36885,                0.21237,                0.83011,                0.99202,                0.98677,                0.99479,                0.97103,                0.27076,                0.14398,                0.81322,              0.0052975,              0.0052975,              0.0052975
                     97,                0.37176,                0.21239,                0.83393,                0.99219,                0.98694,                0.99479,                0.97117,                0.27001,                0.14357,                0.81298,               0.005248,               0.005248,               0.005248
                     98,                0.37052,                0.21141,                0.83396,                0.99227,                0.98715,                0.99479,                0.97137,                0.26955,                 0.1433,                0.81249,              0.0051985,              0.0051985,              0.0051985
                     99,                0.36456,                0.20994,                0.82872,                0.99244,                0.98706,                0.99479,                0.97134,                  0.269,                0.14298,                0.81239,               0.005149,               0.005149,               0.005149
                    100,                0.36709,                0.21057,                0.82928,                0.99243,                0.98666,                 0.9948,                0.97149,                0.26831,                0.14291,                0.81248,              0.0050995,              0.0050995,              0.0050995
                    101,                0.36688,                 0.2103,                0.83232,                0.99254,                0.98711,                 0.9948,                0.97142,                 0.2682,                0.14237,                0.81263,                0.00505,                0.00505,                0.00505
                    102,                0.36541,                0.21078,                0.83173,                0.99265,                0.98736,                0.99481,                0.97164,                0.26808,                0.14195,                0.81259,              0.0050005,              0.0050005,              0.0050005
                    103,                0.36425,                0.21023,                0.83125,                0.98868,                0.99154,                0.99479,                0.97168,                0.26776,                0.14152,                 0.8126,               0.004951,               0.004951,               0.004951
                    104,                0.36203,                0.20899,                  0.829,                0.98936,                 0.9909,                0.99481,                0.97178,                  0.267,                0.14134,                0.81249,              0.0049015,              0.0049015,              0.0049015
                    105,                0.36125,                0.20887,                0.83078,                0.99338,                0.98687,                0.99481,                0.97163,                 0.2666,                0.14102,                0.81242,               0.004852,               0.004852,               0.004852
                    106,                0.35654,                 0.2067,                0.82964,                0.98977,                0.99055,                0.99481,                0.97184,                0.26587,                0.14069,                0.81224,              0.0048025,              0.0048025,              0.0048025
                    107,                0.35432,                0.20531,                0.82807,                0.99317,                0.98652,                 0.9948,                0.97187,                0.26521,                0.14038,                0.81215,               0.004753,               0.004753,               0.004753
                    108,                 0.3506,                0.20246,                0.82713,                0.99331,                0.98684,                 0.9948,                0.97201,                0.26469,                0.14002,                0.81202,              0.0047035,              0.0047035,              0.0047035
                    109,                0.34965,                0.20389,                0.82846,                0.98956,                0.99053,                 0.9948,                 0.9724,                0.26401,                0.13954,                0.81188,               0.004654,               0.004654,               0.004654
                    110,                0.35475,                0.20544,                0.82899,                0.99306,                0.98718,                 0.9948,                0.97251,                0.26331,                0.13978,                0.81186,              0.0046045,              0.0046045,              0.0046045
                    111,                0.34929,                0.20305,                0.82762,                0.98962,                0.99102,                 0.9948,                 0.9724,                0.26242,                0.13944,                 0.8117,               0.004555,               0.004555,               0.004555
                    112,                0.34934,                0.20221,                0.82712,                0.98978,                0.99096,                 0.9948,                0.97256,                0.26195,                0.13897,                0.81162,              0.0045055,              0.0045055,              0.0045055
                    113,                0.35025,                0.20361,                0.82585,                0.98967,                0.99123,                 0.9948,                0.97265,                0.26136,                0.13842,                0.81169,               0.004456,               0.004456,               0.004456
                    114,                0.34883,                0.20132,                0.82703,                0.98944,                0.99112,                 0.9948,                0.97274,                0.26086,                0.13809,                0.81166,              0.0044065,              0.0044065,              0.0044065
                    115,                0.34189,                0.19875,                0.82387,                0.98959,                0.99112,                 0.9948,                0.97292,                0.26038,                0.13806,                0.81166,               0.004357,               0.004357,               0.004357
                    116,                0.34063,                0.19892,                0.82314,                0.98895,                0.99124,                 0.9948,                0.97299,                0.25958,                0.13792,                0.81145,              0.0043075,              0.0043075,              0.0043075
                    117,                0.34002,                0.19798,                0.82527,                0.98936,                0.99113,                0.99479,                0.97311,                0.25901,                0.13773,                0.81133,               0.004258,               0.004258,               0.004258
                    118,                 0.3461,                0.19983,                0.82493,                0.98896,                0.99123,                0.99479,                0.97337,                0.25839,                0.13767,                0.81113,              0.0042085,              0.0042085,              0.0042085
                    119,                0.33707,                0.19687,                0.82286,                0.98919,                0.99143,                 0.9948,                0.97327,                0.25804,                0.13736,                0.81093,               0.004159,               0.004159,               0.004159
                    120,                 0.3364,                0.19662,                0.82453,                0.98899,                0.99185,                0.99478,                 0.9733,                0.25752,                0.13673,                0.81089,              0.0041095,              0.0041095,              0.0041095
                    121,                0.33724,                0.19665,                 0.8259,                0.98904,                0.99164,                0.99479,                0.97326,                0.25696,                0.13643,                0.81078,                0.00406,                0.00406,                0.00406
                    122,                0.33334,                0.19583,                 0.8227,                0.98885,                0.99154,                0.99479,                0.97328,                0.25637,                0.13642,                0.81062,              0.0040105,              0.0040105,              0.0040105
                    123,                0.33279,                0.19569,                0.82328,                0.98916,                0.99177,                0.99479,                0.97348,                0.25581,                0.13616,                0.81042,               0.003961,               0.003961,               0.003961
                    124,                0.32949,                0.19339,                0.82187,                0.98944,                0.99175,                0.99479,                0.97343,                0.25527,                0.13589,                0.81017,              0.0039115,              0.0039115,              0.0039115
                    125,                0.33149,                 0.1956,                0.82071,                0.98933,                0.99175,                0.99479,                0.97362,                0.25471,                0.13525,                0.81013,               0.003862,               0.003862,               0.003862
                    126,                0.33202,                 0.1943,                 0.8218,                0.98934,                0.99185,                0.99479,                0.97377,                0.25446,                0.13542,                0.81007,              0.0038125,              0.0038125,              0.0038125
                    127,                0.32784,                0.19249,                0.82015,                0.98943,                0.99164,                0.99479,                0.97386,                 0.2541,                0.13539,                0.80999,               0.003763,               0.003763,               0.003763
                    128,                0.32373,                0.19167,                0.82095,                0.98967,                0.99112,                0.99478,                0.97374,                0.25371,                 0.1356,                 0.8099,              0.0037135,              0.0037135,              0.0037135
                    129,                 0.3257,                0.19076,                0.82053,                0.98892,                0.99143,                0.99478,                0.97391,                0.25328,                0.13517,                0.80984,               0.003664,               0.003664,               0.003664
                    130,                0.32406,                0.19128,                0.82179,                0.98905,                0.99091,                0.99478,                0.97393,                0.25302,                  0.135,                0.80978,              0.0036145,              0.0036145,              0.0036145
                    131,                0.32499,                 0.1913,                0.82235,                0.98895,                0.99115,                0.99478,                0.97398,                0.25262,                0.13503,                0.80973,               0.003565,               0.003565,               0.003565
                    132,                0.32222,                0.18965,                0.81897,                0.98953,                0.99102,                0.99479,                0.97382,                 0.2524,                 0.1349,                0.80963,              0.0035155,              0.0035155,              0.0035155
                    133,                0.30269,                0.17922,                0.81657,                0.98929,                0.99081,                0.99478,                0.97385,                0.25215,                 0.1348,                0.80964,               0.003466,               0.003466,               0.003466
                    134,                0.31028,                0.18295,                 0.8195,                0.98937,                0.99127,                0.99478,                0.97389,                0.25181,                0.13446,                0.80963,              0.0034165,              0.0034165,              0.0034165
                    135,                0.31631,                 0.1856,                0.81964,                0.98926,                0.99133,                0.99479,                0.97406,                0.25157,                0.13448,                0.80959,               0.003367,               0.003367,               0.003367
                    136,                0.31744,                0.18713,                0.82056,                0.98957,                0.99124,                0.99479,                0.97398,                0.25131,                0.13441,                0.80955,              0.0033175,              0.0033175,              0.0033175
                    137,                0.31714,                0.18639,                0.81986,                0.98974,                0.99154,                0.99479,                0.97388,                0.25088,                0.13398,                0.80943,               0.003268,               0.003268,               0.003268
                    138,                0.31583,                0.18598,                0.81701,                 0.9901,                0.99091,                0.99479,                0.97388,                0.25056,                0.13362,                0.80937,              0.0032185,              0.0032185,              0.0032185
                    139,                0.31372,                0.18477,                0.81784,                0.99019,                0.99094,                0.99479,                0.97403,                0.25018,                0.13368,                0.80929,               0.003169,               0.003169,               0.003169
                    140,                0.31557,                0.18625,                0.81715,                0.99019,                0.99098,                0.99479,                  0.974,                0.24999,                0.13352,                 0.8093,              0.0031195,              0.0031195,              0.0031195
                    141,                0.31329,                0.18436,                0.82002,                0.99019,                 0.9911,                0.99479,                0.97417,                0.24972,                0.13313,                 0.8093,                0.00307,                0.00307,                0.00307
                    142,                0.31051,                0.18391,                0.81592,                0.99029,                0.99068,                0.99479,                0.97412,                0.24956,                0.13299,                0.80924,              0.0030205,              0.0030205,              0.0030205
                    143,                 0.3104,                0.18276,                0.81521,                0.99009,                0.99126,                0.99479,                0.97417,                0.24911,                 0.1327,                0.80923,               0.002971,               0.002971,               0.002971
                    144,                0.30634,                  0.183,                0.81551,                0.99009,                0.99133,                0.99479,                0.97415,                0.24888,                0.13274,                0.80915,              0.0029215,              0.0029215,              0.0029215
                    145,                0.30562,                0.18073,                0.81515,                0.99014,                0.99112,                0.99479,                0.97428,                 0.2486,                0.13268,                0.80903,               0.002872,               0.002872,               0.002872
                    146,                0.30793,                0.18161,                0.81478,                0.99012,                0.99112,                0.99479,                0.97448,                0.24814,                0.13247,                  0.809,              0.0028225,              0.0028225,              0.0028225
                    147,                0.30429,                 0.1792,                0.81655,                0.98997,                0.99112,                0.99479,                0.97438,                0.24799,                0.13238,                0.80903,               0.002773,               0.002773,               0.002773
                    148,                0.29979,                0.17855,                0.81476,                0.98988,                0.99112,                0.99479,                0.97437,                0.24777,                0.13245,                0.80901,              0.0027235,              0.0027235,              0.0027235
                    149,                0.30045,                0.17789,                0.81352,                0.98992,                0.99123,                0.99479,                0.97444,                 0.2475,                0.13217,                0.80898,               0.002674,               0.002674,               0.002674
                    150,                0.27692,                0.16762,                0.81209,                0.99029,                0.99088,                0.99479,                0.97448,                0.24739,                0.13233,                0.80899,              0.0026245,              0.0026245,              0.0026245
                    151,                 0.2846,                0.17109,                0.81343,                0.99002,                0.99112,                0.99479,                0.97444,                0.24719,                 0.1322,                0.80898,               0.002575,               0.002575,               0.002575
                    152,                0.29033,                0.17423,                0.81368,                0.98998,                0.99114,                0.99479,                0.97448,                0.24708,                0.13212,                0.80893,              0.0025255,              0.0025255,              0.0025255
                    153,                0.29157,                0.17507,                 0.8131,                0.98998,                0.99113,                0.99479,                0.97453,                0.24678,                0.13191,                0.80886,               0.002476,               0.002476,               0.002476
                    154,                0.29144,                 0.1735,                0.81301,                0.98978,                0.99128,                0.99478,                 0.9745,                0.24669,                0.13186,                 0.8088,              0.0024265,              0.0024265,              0.0024265
                    155,                0.29225,                 0.1738,                0.81375,                0.98978,                0.99128,                0.99479,                0.97454,                0.24651,                0.13184,                 0.8088,               0.002377,               0.002377,               0.002377
                    156,                0.29085,                0.17304,                 0.8137,                0.98988,                0.99112,                0.99478,                 0.9746,                0.24636,                0.13181,                 0.8088,              0.0023275,              0.0023275,              0.0023275
                    157,                0.29382,                0.17464,                0.81424,                0.98988,                0.99128,                0.99478,                0.97453,                0.24618,                0.13153,                0.80878,               0.002278,               0.002278,               0.002278
                    158,                0.29153,                0.17272,                0.81531,                0.98988,                0.99122,                0.99478,                0.97463,                0.24598,                0.13149,                0.80878,              0.0022285,              0.0022285,              0.0022285
                    159,                0.28949,                0.17269,                0.81347,                 0.9899,                0.99112,                0.99478,                0.97469,                0.24578,                0.13149,                0.80866,               0.002179,               0.002179,               0.002179
                    160,                0.29019,                0.17208,                 0.8122,                0.98998,                0.99122,                0.99477,                0.97465,                0.24566,                0.13146,                0.80862,              0.0021295,              0.0021295,              0.0021295
                    161,                0.28762,                  0.172,                0.81358,                0.98988,                0.99133,                0.99478,                0.97465,                0.24537,                0.13148,                0.80853,                0.00208,                0.00208,                0.00208
                    162,                0.28699,                0.17129,                0.81265,                0.99009,                0.99122,                0.99478,                0.97467,                0.24531,                0.13147,                0.80848,              0.0020305,              0.0020305,              0.0020305
                    163,                0.28986,                 0.1721,                0.81153,                0.98999,                0.99133,                0.99479,                0.97472,                0.24507,                0.13136,                0.80839,               0.001981,               0.001981,               0.001981
                    164,                0.28645,                0.17002,                0.81159,                0.99009,                 0.9912,                0.99479,                0.97481,                0.24481,                0.13132,                0.80835,              0.0019315,              0.0019315,              0.0019315
                    165,                0.28165,                0.16922,                0.81135,                 0.9901,                0.99133,                0.99478,                0.97489,                0.24464,                0.13141,                 0.8083,               0.001882,               0.001882,               0.001882
                    166,                0.28047,                0.16903,                0.81005,                0.99009,                0.99135,                0.99479,                0.97476,                0.24445,                0.13116,                0.80825,              0.0018325,              0.0018325,              0.0018325
                    167,                0.28104,                0.16787,                0.81124,                0.99004,                0.99143,                0.99479,                  0.975,                0.24425,                0.13103,                0.80819,               0.001783,               0.001783,               0.001783
                    168,                0.28155,                0.16807,                 0.8108,                0.99004,                0.99143,                0.99479,                0.97483,                0.24413,                0.13102,                0.80814,              0.0017335,              0.0017335,              0.0017335
                    169,                 0.2779,                0.16562,                0.81117,                0.99009,                0.99143,                0.99479,                0.97495,                0.24402,                0.13091,                0.80809,               0.001684,               0.001684,               0.001684
                    170,                0.27783,                0.16538,                0.81119,                0.99018,                0.99143,                0.99479,                0.97502,                0.24384,                0.13069,                0.80806,              0.0016345,              0.0016345,              0.0016345
                    171,                  0.277,                0.16574,                0.80952,                0.99021,                0.99143,                0.99478,                 0.9751,                0.24372,                0.13074,                0.80795,               0.001585,               0.001585,               0.001585
                    172,                0.27328,                0.16324,                0.80877,                0.99031,                0.99143,                0.99478,                0.97506,                0.24359,                0.13094,                0.80791,              0.0015355,              0.0015355,              0.0015355
                    173,                0.27145,                0.16254,                0.80866,                0.99044,                0.99154,                0.99478,                0.97504,                0.24351,                 0.1309,                0.80787,               0.001486,               0.001486,               0.001486
                    174,                0.27198,                0.16293,                0.80944,                 0.9904,                0.99153,                0.99478,                 0.9751,                0.24343,                0.13096,                0.80781,              0.0014365,              0.0014365,              0.0014365
                    175,                0.26938,                0.16251,                0.80933,                 0.9904,                0.99152,                0.99479,                0.97507,                0.24334,                0.13101,                0.80775,               0.001387,               0.001387,               0.001387
                    176,                 0.2702,                0.16204,                0.80839,                 0.9904,                0.99146,                0.99478,                 0.9751,                0.24323,                0.13109,                0.80768,              0.0013375,              0.0013375,              0.0013375
                    177,                0.26536,                0.15963,                0.80788,                0.99044,                0.99143,                0.99478,                0.97513,                0.24287,                0.13093,                0.80764,               0.001288,               0.001288,               0.001288
                    178,                0.26368,                0.15961,                0.80669,                0.99046,                0.99143,                0.99478,                0.97521,                0.24267,                0.13076,                0.80758,              0.0012385,              0.0012385,              0.0012385
                    179,                0.26355,                0.15891,                0.80587,                0.99047,                0.99143,                0.99478,                0.97517,                0.24254,                0.13086,                 0.8075,               0.001189,               0.001189,               0.001189
                    180,                 0.2631,                0.15866,                0.80582,                0.99059,                0.99143,                0.99478,                0.97515,                0.24241,                0.13098,                0.80748,              0.0011395,              0.0011395,              0.0011395
                    181,                0.26291,                0.15871,                0.80576,                0.99061,                0.99152,                0.99478,                0.97522,                0.24231,                0.13092,                 0.8075,                0.00109,                0.00109,                0.00109
                    182,                 0.2602,                0.15725,                0.80609,                 0.9907,                0.99154,                0.99478,                0.97521,                0.24216,                0.13095,                0.80741,              0.0010405,              0.0010405,              0.0010405
                    183,                0.26021,                0.15718,                0.80588,                0.99069,                0.99154,                0.99478,                0.97525,                0.24192,                0.13096,                0.80732,               0.000991,               0.000991,               0.000991
                    184,                0.25662,                0.15552,                0.80656,                0.99067,                0.99143,                0.99477,                0.97528,                 0.2419,                0.13117,                0.80724,              0.0009415,              0.0009415,              0.0009415
                    185,                0.25397,                0.15439,                0.80565,                 0.9907,                0.99143,                0.99478,                0.97537,                 0.2418,                0.13107,                0.80722,               0.000892,               0.000892,               0.000892
                    186,                0.25429,                0.15401,                0.80572,                0.99061,                0.99154,                0.99478,                0.97549,                0.24178,                 0.1313,                0.80716,              0.0008425,              0.0008425,              0.0008425
                    187,                0.25344,                0.15386,                0.80517,                0.99061,                0.99154,                0.99478,                0.97543,                0.24165,                0.13132,                0.80711,               0.000793,               0.000793,               0.000793
                    188,                0.25182,                0.15271,                0.80302,                0.99056,                0.99164,                0.99478,                0.97546,                0.24169,                0.13163,                0.80705,              0.0007435,              0.0007435,              0.0007435
                    189,                0.24787,                0.15151,                0.80221,                 0.9905,                0.99152,                0.99478,                 0.9755,                0.24176,                0.13178,                  0.807,               0.000694,               0.000694,               0.000694
                    190,                0.24784,                0.15112,                 0.8045,                 0.9907,                0.99089,                0.99478,                0.97548,                0.24183,                0.13194,                0.80696,              0.0006445,              0.0006445,              0.0006445
                    191,                0.24495,                0.14944,                0.80297,                0.99068,                0.99091,                0.99478,                0.97542,                0.24162,                 0.1319,                 0.8069,               0.000595,               0.000595,               0.000595
                    192,                0.24563,                0.14954,                 0.8041,                 0.9906,                0.99082,                0.99478,                0.97545,                0.24144,                0.13192,                 0.8068,              0.0005455,              0.0005455,              0.0005455
                    193,                0.24172,                0.14765,                0.80209,                 0.9906,                0.99072,                0.99478,                0.97546,                0.24138,                0.13232,                0.80672,               0.000496,               0.000496,               0.000496
                    194,                0.24144,                0.14684,                0.80324,                0.99072,                0.99081,                0.99478,                0.97555,                 0.2412,                 0.1323,                0.80664,              0.0004465,              0.0004465,              0.0004465
                    195,                0.24027,                0.14655,                0.80126,                0.99112,                 0.9906,                0.99478,                0.97558,                0.24093,                0.13241,                0.80656,               0.000397,               0.000397,               0.000397
                    196,                0.24066,                0.14646,                0.80149,                0.99115,                 0.9906,                0.99478,                0.97564,                0.24095,                0.13261,                 0.8065,              0.0003475,              0.0003475,              0.0003475
                    197,                0.23974,                0.14595,                0.80121,                0.99108,                 0.9907,                0.99478,                0.97569,                 0.2407,                0.13257,                0.80642,               0.000298,               0.000298,               0.000298
                    198,                0.23936,                0.14589,                0.80135,                0.99109,                 0.9906,                0.99478,                0.97563,                0.24039,                0.13246,                0.80639,              0.0002485,              0.0002485,              0.0002485
                    199,                0.23628,                0.14428,                0.80132,                0.99123,                0.99049,                0.99478,                0.97572,                0.24013,                0.13231,                0.80636,               0.000199,               0.000199,               0.000199
